{
    "GAUSS_POINTS_LIST": "1.0.0",
    "FPG1": {
        "pgcoords": [
            [
                0.3333333333333333,
                0.3333333333333333
            ]
        ],
        "weights": [
            1
        ]
    }
}